{"engineId":"5a505b5d-f24e-46ad-80af-3f5b66a33f18","engineName":"movieImageTest","rdbmsId":"c5218958-e130-42a2-a5f3-6f1302418f8e","varstore":{},"frames":[{"file":"@BaseFolder@\\db\\@ENGINE@\\version\\c5218958-e130-42a2-a5f3-6f1302418f8e\\NativeaG25Pws.json","meta":"@BaseFolder@\\db\\@ENGINE@\\version\\c5218958-e130-42a2-a5f3-6f1302418f8e\\METADATA__NativeaG25Pws.owl","state":null,"type":"prerna.ds.nativeframe.NativeFrame","name":"NativeaG25Pws","keys":["$CUR_FRAME_KEY","FRAME597340"]}],"panels":[{"panelId":"0","panelLabel":"0","view":"visualization","viewOptions":"{\"type\":\"echarts\"}","ornaments":"{\"showMenu\":true}","events":"{\"onSingleClick\":{\"Unfilter\":[{\"disabledVisuals\":[\"Grid\",\"Sunburst\"],\"default\":true,\"query\":\"UnfilterFrame(<SelectedColumn>);\",\"options\":{},\"refresh\":false,\"disabled\":false,\"panel\":\"\"}]},\"onBrush\":{\"Filter\":[{\"default\":true,\"query\":\"if(IsEmpty(<SelectedValues>), UnfilterFrame(<SelectedColumn>), SetFrameFilter(<SelectedColumn>==<SelectedValues>));\",\"options\":{},\"refresh\":false,\"disabled\":false,\"panel\":\"\"}]}}","filters":"[]","order":"[]","comments":"{}","position":"{}"}],"tasks":{"tasks":[{"type":"basic","task":{"taskType":"basic","id":"task1","numCollected":500,"internalOffset":0,"taskOptions":"{\"options\":{\"0\":{\"layout\":\"Grid\",\"alignment\":{\"label\":[\"MOVIE_DATA_DATES\",\"Cast_Formed\",\"DVD_Release\",\"Director\",\"Genre\",\"MovieBudget\",\"Nominated\",\"Production_End\",\"Production_Start\",\"Revenue_Domestic\",\"Revenue_International\",\"RottenTomatoes_Audience\",\"RottenTomatoes_Critics\",\"Studio\",\"Theatre_Release_Date\",\"Title\"]}}}}","qs":{"qsType":"FRAME","isDistinct":true,"overrideImplicit":false,"limit":0,"offset":0,"relations":"{}","selectors":["COLUMN",{"table":"MOVIE_DATA_DATES","column":"PRIM_KEY_PLACEHOLDER","alias":"MOVIE_DATA_DATES","tableAlias":null},"COLUMN",{"table":"MOVIE_DATA_DATES","column":"Cast_Formed","alias":"Cast_Formed","tableAlias":null},"COLUMN",{"table":"MOVIE_DATA_DATES","column":"DVD_Release","alias":"DVD_Release","tableAlias":null},"COLUMN",{"table":"MOVIE_DATA_DATES","column":"Director","alias":"Director","tableAlias":null},"COLUMN",{"table":"MOVIE_DATA_DATES","column":"Genre","alias":"Genre","tableAlias":null},"COLUMN",{"table":"MOVIE_DATA_DATES","column":"MovieBudget","alias":"MovieBudget","tableAlias":null},"COLUMN",{"table":"MOVIE_DATA_DATES","column":"Nominated","alias":"Nominated","tableAlias":null},"COLUMN",{"table":"MOVIE_DATA_DATES","column":"Production_End","alias":"Production_End","tableAlias":null},"COLUMN",{"table":"MOVIE_DATA_DATES","column":"Production_Start","alias":"Production_Start","tableAlias":null},"COLUMN",{"table":"MOVIE_DATA_DATES","column":"Revenue_Domestic","alias":"Revenue_Domestic","tableAlias":null},"COLUMN",{"table":"MOVIE_DATA_DATES","column":"Revenue_International","alias":"Revenue_International","tableAlias":null},"COLUMN",{"table":"MOVIE_DATA_DATES","column":"RottenTomatoes_Audience","alias":"RottenTomatoes_Audience","tableAlias":null},"COLUMN",{"table":"MOVIE_DATA_DATES","column":"RottenTomatoes_Critics","alias":"RottenTomatoes_Critics","tableAlias":null},"COLUMN",{"table":"MOVIE_DATA_DATES","column":"Studio","alias":"Studio","tableAlias":null},"COLUMN",{"table":"MOVIE_DATA_DATES","column":"Theatre_Release_Date","alias":"Theatre_Release_Date","tableAlias":null},"COLUMN",{"table":"MOVIE_DATA_DATES","column":"Title","alias":"Title","tableAlias":null}]}}},{"type":"basic","task":{"taskType":"basic","id":"task3","numCollected":500,"internalOffset":0,"taskOptions":"{\"options\":{\"0\":{\"layout\":\"Pie\",\"alignment\":{\"label\":[\"Cast_Formed\"],\"value\":[\"CountofDVD_Release\"],\"facet\":[]}}}}","qs":{"qsType":"FRAME","isDistinct":true,"overrideImplicit":false,"limit":0,"offset":0,"relations":"{}","groups":["{\"column\":\"PRIM_KEY_PLACEHOLDER\",\"table\":\"Cast_Formed\",\"alias\":\"\"}"],"selectors":["COLUMN",{"table":"Cast_Formed","column":"PRIM_KEY_PLACEHOLDER","alias":"Cast_Formed","tableAlias":null},"FUNCTION",{"alias":"CountofDVD_Release","function":"count","distinct":false,"colCast":"","innerSelectors":["COLUMN",{"table":"DVD_Release","column":"PRIM_KEY_PLACEHOLDER","alias":"DVD_Release","tableAlias":null}]}]}}}],"taskCounter":4},"recipe":["AddPanel ( 0 ) ;","Panel ( 0 ) | AddPanelEvents ( { \"onSingleClick\" : { \"Unfilter\" : [ { \"panel\" : \"\" , \"query\" : \"UnfilterFrame(%3CSelectedColumn%3E)%3B\" , \"options\" : { } , \"refresh\" : false , \"default\" : true , \"disabledVisuals\" : [ \"Grid\" , \"Sunburst\" ] , \"disabled\" : false } ] } , \"onBrush\" : { \"Filter\" : [ { \"panel\" : \"\" , \"query\" : \"if(IsEmpty(%3CSelectedValues%3E)%2C%20UnfilterFrame(%3CSelectedColumn%3E)%2C%20SetFrameFilter(%3CSelectedColumn%3E%3D%3D%3CSelectedValues%3E))%3B\" , \"options\" : { } , \"refresh\" : false , \"default\" : true , \"disabled\" : false } ] } } ) ;","Panel ( 0 ) | RetrievePanelEvents ( ) ;","Panel ( 0 ) | SetPanelView ( \"visualization\" , \"%7B%22type%22%3A%22echarts%22%7D\" ) ;","Panel ( 0 ) | SetPanelView ( \"federate-view\" , \"%7B%22app_id%22%3A%225a505b5d-f24e-46ad-80af-3f5b66a33f18%22%7D\" ) ;","CreateFrame ( frameType = [ NATIVE ] ) .as ( [ 'FRAME597340' ] ) ;","Database ( database = [ \"5a505b5d-f24e-46ad-80af-3f5b66a33f18\" ] ) | Select ( MOVIE_DATA_DATES , MOVIE_DATA_DATES__Cast_Formed , MOVIE_DATA_DATES__DVD_Release , MOVIE_DATA_DATES__Director , MOVIE_DATA_DATES__Genre , MOVIE_DATA_DATES__MovieBudget , MOVIE_DATA_DATES__Nominated , MOVIE_DATA_DATES__Production_End , MOVIE_DATA_DATES__Production_Start , MOVIE_DATA_DATES__Revenue_Domestic , MOVIE_DATA_DATES__Revenue_International , MOVIE_DATA_DATES__RottenTomatoes_Audience , MOVIE_DATA_DATES__RottenTomatoes_Critics , MOVIE_DATA_DATES__Studio , MOVIE_DATA_DATES__Theatre_Release_Date , MOVIE_DATA_DATES__Title ) .as ( [ MOVIE_DATA_DATES , Cast_Formed , DVD_Release , Director , Genre , MovieBudget , Nominated , Production_End , Production_Start , Revenue_Domestic , Revenue_International , RottenTomatoes_Audience , RottenTomatoes_Critics , Studio , Theatre_Release_Date , Title ] ) | Import ( ) ;","Panel ( 0 ) | SetPanelView ( \"visualization\" ) ;","Frame ( ) | QueryAll ( ) | AutoTaskOptions ( panel = [ \"0\" ] , layout = [ \"Grid\" ] ) | Collect ( 500 ) ;","Panel ( 0 ) | SetPanelView ( \"visualization\" , \"%7B%22type%22%3A%22echarts%22%7D\" ) ;","if ( ( HasDuplicates ( Cast_Formed ) ) , ( Select ( Cast_Formed , Count ( DVD_Release ) ) .as ( [ Cast_Formed , CountofDVD_Release ] ) | Group ( Cast_Formed ) | With ( Panel ( 0 ) ) | Format ( type = [ 'table' ] ) | TaskOptions ( { \"0\" : { \"layout\" : \"Pie\" , \"alignment\" : { \"label\" : [ \"Cast_Formed\" ] , \"value\" : [ \"CountofDVD_Release\" ] , \"facet\" : [ ] } } } ) | Collect ( 500 ) ) , ( Select ( Cast_Formed , Count ( DVD_Release ) ) .as ( [ Cast_Formed , CountofDVD_Release ] ) | Group ( Cast_Formed ) | With ( Panel ( 0 ) ) | Format ( type = [ 'table' ] ) | TaskOptions ( { \"0\" : { \"layout\" : \"Pie\" , \"alignment\" : { \"label\" : [ \"Cast_Formed\" ] , \"value\" : [ \"CountofDVD_Release\" ] , \"facet\" : [ ] } } } ) | Collect ( 500 ) ) ) ;","Panel ( 0 ) | AddPanelOrnaments ( { \"showMenu\" : true } ) ;","Panel ( 0 ) | RetrievePanelOrnaments ( \"showMenu\" ) ;"]}