{"qsType":"FRAME","engineName":"5a505b5d-f24e-46ad-80af-3f5b66a33f18","isDistinct":true,"overrideImplicit":false,"limit":-1,"offset":-1,"relations":"{}","selectors":["COLUMN",{"table":"MOVIE_DATA_DATES","column":"PRIM_KEY_PLACEHOLDER","alias":"MOVIE_DATA_DATES","tableAlias":null},"COLUMN",{"table":"MOVIE_DATA_DATES","column":"Cast_Formed","alias":"Cast_Formed","tableAlias":null},"COLUMN",{"table":"MOVIE_DATA_DATES","column":"DVD_Release","alias":"DVD_Release","tableAlias":null},"COLUMN",{"table":"MOVIE_DATA_DATES","column":"Director","alias":"Director","tableAlias":null},"COLUMN",{"table":"MOVIE_DATA_DATES","column":"Genre","alias":"Genre","tableAlias":null},"COLUMN",{"table":"MOVIE_DATA_DATES","column":"MovieBudget","alias":"MovieBudget","tableAlias":null},"COLUMN",{"table":"MOVIE_DATA_DATES","column":"Nominated","alias":"Nominated","tableAlias":null},"COLUMN",{"table":"MOVIE_DATA_DATES","column":"Production_End","alias":"Production_End","tableAlias":null},"COLUMN",{"table":"MOVIE_DATA_DATES","column":"Production_Start","alias":"Production_Start","tableAlias":null},"COLUMN",{"table":"MOVIE_DATA_DATES","column":"Revenue_Domestic","alias":"Revenue_Domestic","tableAlias":null},"COLUMN",{"table":"MOVIE_DATA_DATES","column":"Revenue_International","alias":"Revenue_International","tableAlias":null},"COLUMN",{"table":"MOVIE_DATA_DATES","column":"RottenTomatoes_Audience","alias":"RottenTomatoes_Audience","tableAlias":null},"COLUMN",{"table":"MOVIE_DATA_DATES","column":"RottenTomatoes_Critics","alias":"RottenTomatoes_Critics","tableAlias":null},"COLUMN",{"table":"MOVIE_DATA_DATES","column":"Studio","alias":"Studio","tableAlias":null},"COLUMN",{"table":"MOVIE_DATA_DATES","column":"Theatre_Release_Date","alias":"Theatre_Release_Date","tableAlias":null},"COLUMN",{"table":"MOVIE_DATA_DATES","column":"Title","alias":"Title","tableAlias":null}]}