{"engineId":"5a505b5d-f24e-46ad-80af-3f5b66a33f18","engineName":"movieImageTest","rdbmsId":"f015ff52-44d6-464e-9557-4b90539fcd2c","varstore":{},"frames":[{"file":"@BaseFolder@\\db\\@ENGINE@\\version\\f015ff52-44d6-464e-9557-4b90539fcd2c\\FRAME.gz","meta":"@BaseFolder@\\db\\@ENGINE@\\version\\f015ff52-44d6-464e-9557-4b90539fcd2c\\METADATA__FRAME.owl","state":null,"type":"prerna.ds.h2.H2Frame","name":"FRAME","keys":["$CUR_FRAME_KEY","FRAME"]}],"panels":[{"panelId":"0","panelLabel":"0","view":"visualization","viewOptions":null,"ornaments":"{}","events":"{}","filters":"[]","order":"[]","comments":"{}","position":"{}"}],"tasks":{"tasks":[{"type":"basic","task":{"taskType":"basic","id":"task1","numCollected":500,"internalOffset":0,"taskOptions":"{\"options\":{\"0\":{\"layout\":\"Grid\",\"alignment\":{\"label\":[\"PRODUCTION_END\",\"REVENUE_DOMESTIC\",\"GENRE\",\"DVD_RELEASE\",\"MOVIE_DATA_DATES_UNIQUE_ROW_ID\",\"NOMINATED\",\"ROTTENTOMATOES_CRITICS\",\"ROTTENTOMATOES_AUDIENCE\",\"THEATRE_RELEASE_DATE\",\"CAST_FORMED\",\"REVENUE_INTERNATIONAL\",\"MOVIEBUDGET\",\"TITLE\",\"PRODUCTION_START\",\"DIRECTOR\",\"STUDIO\"]}}}}","qs":{"qsType":"FRAME","isDistinct":true,"overrideImplicit":false,"limit":0,"offset":0,"relations":"{}","selectors":["COLUMN",{"table":"PRODUCTION_END","column":"PRIM_KEY_PLACEHOLDER","alias":"PRODUCTION_END","tableAlias":null},"COLUMN",{"table":"REVENUE_DOMESTIC","column":"PRIM_KEY_PLACEHOLDER","alias":"REVENUE_DOMESTIC","tableAlias":null},"COLUMN",{"table":"GENRE","column":"PRIM_KEY_PLACEHOLDER","alias":"GENRE","tableAlias":null},"COLUMN",{"table":"DVD_RELEASE","column":"PRIM_KEY_PLACEHOLDER","alias":"DVD_RELEASE","tableAlias":null},"COLUMN",{"table":"MOVIE_DATA_DATES_UNIQUE_ROW_ID","column":"PRIM_KEY_PLACEHOLDER","alias":"MOVIE_DATA_DATES_UNIQUE_ROW_ID","tableAlias":null},"COLUMN",{"table":"NOMINATED","column":"PRIM_KEY_PLACEHOLDER","alias":"NOMINATED","tableAlias":null},"COLUMN",{"table":"ROTTENTOMATOES_CRITICS","column":"PRIM_KEY_PLACEHOLDER","alias":"ROTTENTOMATOES_CRITICS","tableAlias":null},"COLUMN",{"table":"ROTTENTOMATOES_AUDIENCE","column":"PRIM_KEY_PLACEHOLDER","alias":"ROTTENTOMATOES_AUDIENCE","tableAlias":null},"COLUMN",{"table":"THEATRE_RELEASE_DATE","column":"PRIM_KEY_PLACEHOLDER","alias":"THEATRE_RELEASE_DATE","tableAlias":null},"COLUMN",{"table":"CAST_FORMED","column":"PRIM_KEY_PLACEHOLDER","alias":"CAST_FORMED","tableAlias":null},"COLUMN",{"table":"REVENUE_INTERNATIONAL","column":"PRIM_KEY_PLACEHOLDER","alias":"REVENUE_INTERNATIONAL","tableAlias":null},"COLUMN",{"table":"MOVIEBUDGET","column":"PRIM_KEY_PLACEHOLDER","alias":"MOVIEBUDGET","tableAlias":null},"COLUMN",{"table":"TITLE","column":"PRIM_KEY_PLACEHOLDER","alias":"TITLE","tableAlias":null},"COLUMN",{"table":"PRODUCTION_START","column":"PRIM_KEY_PLACEHOLDER","alias":"PRODUCTION_START","tableAlias":null},"COLUMN",{"table":"DIRECTOR","column":"PRIM_KEY_PLACEHOLDER","alias":"DIRECTOR","tableAlias":null},"COLUMN",{"table":"STUDIO","column":"PRIM_KEY_PLACEHOLDER","alias":"STUDIO","tableAlias":null}]}}}],"taskCounter":2},"recipe":["AddPanel ( 0 ) ;","Panel ( 0 ) | SetPanelView ( \"visualization\" ) ;","CreateFrame ( grid ) .as ( [ FRAME ] ) ;","Database ( \"5a505b5d-f24e-46ad-80af-3f5b66a33f18\" ) | Select ( MOVIE_DATA_DATES__PRODUCTION_END , MOVIE_DATA_DATES__REVENUE_DOMESTIC , MOVIE_DATA_DATES__GENRE , MOVIE_DATA_DATES__DVD_RELEASE , MOVIE_DATA_DATES__MOVIE_DATA_DATES_UNIQUE_ROW_ID , MOVIE_DATA_DATES__NOMINATED , MOVIE_DATA_DATES__ROTTENTOMATOES_CRITICS , MOVIE_DATA_DATES__ROTTENTOMATOES_AUDIENCE , MOVIE_DATA_DATES__THEATRE_RELEASE_DATE , MOVIE_DATA_DATES__CAST_FORMED , MOVIE_DATA_DATES__REVENUE_INTERNATIONAL , MOVIE_DATA_DATES__MOVIEBUDGET , MOVIE_DATA_DATES__TITLE , MOVIE_DATA_DATES__PRODUCTION_START , MOVIE_DATA_DATES__DIRECTOR , MOVIE_DATA_DATES__STUDIO ) | Limit ( 500 ) | Import ( ) ;","Frame ( ) | Select ( f$ PRODUCTION_END , f$ REVENUE_DOMESTIC , f$ GENRE , f$ DVD_RELEASE , f$ MOVIE_DATA_DATES_UNIQUE_ROW_ID , f$ NOMINATED , f$ ROTTENTOMATOES_CRITICS , f$ ROTTENTOMATOES_AUDIENCE , f$ THEATRE_RELEASE_DATE , f$ CAST_FORMED , f$ REVENUE_INTERNATIONAL , f$ MOVIEBUDGET , f$ TITLE , f$ PRODUCTION_START , f$ DIRECTOR , f$ STUDIO ) | Format ( type = [ 'table' ] ) | TaskOptions ( { \"0\" : { \"layout\" : \"Grid\" , \"alignment\" : { \"label\" : [ \"PRODUCTION_END\" , \"REVENUE_DOMESTIC\" , \"GENRE\" , \"DVD_RELEASE\" , \"MOVIE_DATA_DATES_UNIQUE_ROW_ID\" , \"NOMINATED\" , \"ROTTENTOMATOES_CRITICS\" , \"ROTTENTOMATOES_AUDIENCE\" , \"THEATRE_RELEASE_DATE\" , \"CAST_FORMED\" , \"REVENUE_INTERNATIONAL\" , \"MOVIEBUDGET\" , \"TITLE\" , \"PRODUCTION_START\" , \"DIRECTOR\" , \"STUDIO\" ] } } } ) | Collect ( 500 ) ;"]}